,currentstate,action,reward,nextstate,terminated
0,current_2_0.png,SPACE,1,next_2_0.png,False
1,current_2_1.png,RIGHT,0,next_2_1.png,False
2,current_2_2.png,LEFT,0,next_2_2.png,False
3,current_2_3.png,RIGHT,0,next_2_3.png,False
4,current_2_4.png,RIGHT,0,next_2_4.png,False
5,current_2_5.png,SPACE,0,next_2_5.png,False
6,current_2_6.png,RIGHT,0,next_2_6.png,False
7,current_2_7.png,RIGHT,0,next_2_7.png,False
8,current_2_8.png,RIGHT,0,next_2_8.png,False
9,current_2_9.png,RIGHT,0,next_2_9.png,False
10,current_2_10.png,RIGHT,0,next_2_10.png,False
11,current_2_11.png,RIGHT,0,next_2_11.png,False
12,current_2_12.png,RIGHT,0,next_2_12.png,False
13,current_2_13.png,RIGHT,0,next_2_13.png,False
14,current_2_14.png,RIGHT,0,next_2_14.png,False
15,current_2_15.png,RIGHT,0,next_2_15.png,False
16,current_2_16.png,RIGHT,0,next_2_16.png,False
17,current_2_17.png,RIGHT,0,next_2_17.png,False
18,current_2_18.png,RIGHT,0,next_2_18.png,False
19,current_2_19.png,RIGHT,0,next_2_19.png,False
20,current_2_20.png,RIGHT,0,next_2_20.png,False
21,current_2_21.png,RIGHT,0,next_2_21.png,False
22,current_2_22.png,RIGHT,0,next_2_22.png,False
23,current_2_23.png,RIGHT,0,next_2_23.png,False
24,current_2_24.png,SPACE,1,next_2_24.png,False
25,current_2_25.png,RIGHT,0,next_2_25.png,False
26,current_2_26.png,RIGHT,0,next_2_26.png,False
27,current_2_27.png,LEFT,0,next_2_27.png,False
28,current_2_28.png,RIGHT,0,next_2_28.png,False
29,current_2_29.png,LEFT,0,next_2_29.png,False
30,current_2_30.png,SPACE,1,next_2_30.png,False
31,current_2_31.png,RIGHT,0,next_2_31.png,False
32,current_2_32.png,RIGHT,0,next_2_32.png,False
33,current_2_33.png,SPACE,0,next_2_33.png,False
34,current_2_34.png,RIGHT,0,next_2_34.png,False
35,current_2_35.png,LEFT,0,next_2_35.png,False
36,current_2_36.png,RIGHT,0,next_2_36.png,False
37,current_2_37.png,RIGHT,0,next_2_37.png,False
38,current_2_38.png,RIGHT,0,next_2_38.png,False
39,current_2_39.png,RIGHT,0,next_2_39.png,False
40,current_2_40.png,RIGHT,0,next_2_40.png,False
41,current_2_41.png,RIGHT,0,next_2_41.png,False
42,current_2_42.png,RIGHT,0,next_2_42.png,False
43,current_2_43.png,SPACE,-1,next_2_43.png,False
44,current_2_44.png,RIGHT,0,next_2_44.png,False
45,current_2_45.png,RIGHT,0,next_2_45.png,False
46,current_2_46.png,RIGHT,0,next_2_46.png,False
47,current_2_47.png,RIGHT,0,next_2_47.png,False
48,current_2_48.png,RIGHT,0,next_2_48.png,False
49,current_2_49.png,RIGHT,0,next_2_49.png,False
50,current_2_50.png,RIGHT,0,next_2_50.png,False
51,current_2_51.png,SPACE,1,next_2_51.png,False
52,current_2_52.png,RIGHT,0,next_2_52.png,False
53,current_2_53.png,RIGHT,0,next_2_53.png,False
54,current_2_54.png,RIGHT,0,next_2_54.png,False
55,current_2_55.png,RIGHT,0,next_2_55.png,False
56,current_2_56.png,RIGHT,0,next_2_56.png,False
57,current_2_57.png,RIGHT,0,next_2_57.png,False
58,current_2_58.png,RIGHT,0,next_2_58.png,False
59,current_2_59.png,RIGHT,0,next_2_59.png,False
60,current_2_60.png,LEFT,0,next_2_60.png,False
61,current_2_61.png,RIGHT,0,next_2_61.png,False
62,current_2_62.png,RIGHT,0,next_2_62.png,False
63,current_2_63.png,RIGHT,0,next_2_63.png,False
64,current_2_64.png,RIGHT,0,next_2_64.png,False
65,current_2_65.png,RIGHT,0,next_2_65.png,False
66,current_2_66.png,RIGHT,0,next_2_66.png,False
67,current_2_67.png,RIGHT,0,next_2_67.png,False
68,current_2_68.png,RIGHT,0,next_2_68.png,False
69,current_2_69.png,RIGHT,0,next_2_69.png,False
70,current_2_70.png,RIGHT,0,next_2_70.png,False
71,current_2_71.png,RIGHT,0,next_2_71.png,False
72,current_2_72.png,RIGHT,0,next_2_72.png,False
73,current_2_73.png,RIGHT,0,next_2_73.png,False
74,current_2_74.png,RIGHT,0,next_2_74.png,False
75,current_2_75.png,RIGHT,0,next_2_75.png,False
76,current_2_76.png,SPACE,1,next_2_76.png,False
77,current_2_77.png,RIGHT,0,next_2_77.png,False
78,current_2_78.png,RIGHT,0,next_2_78.png,False
79,current_2_79.png,RIGHT,0,next_2_79.png,False
80,current_2_80.png,LEFT,0,next_2_80.png,False
81,current_2_81.png,RIGHT,0,next_2_81.png,False
82,current_2_82.png,SPACE,1,next_2_82.png,False
83,current_2_83.png,SPACE,1,next_2_83.png,False
84,current_2_84.png,RIGHT,0,next_2_84.png,False
85,current_2_85.png,RIGHT,0,next_2_85.png,False
86,current_2_86.png,RIGHT,0,next_2_86.png,False
87,current_2_87.png,RIGHT,0,next_2_87.png,False
88,current_2_88.png,RIGHT,0,next_2_88.png,False
89,current_2_89.png,RIGHT,0,next_2_89.png,False
90,current_2_90.png,LEFT,0,next_2_90.png,False
91,current_2_91.png,RIGHT,0,next_2_91.png,False
92,current_2_92.png,RIGHT,0,next_2_92.png,False
93,current_2_93.png,RIGHT,0,next_2_93.png,False
94,current_2_94.png,LEFT,0,next_2_94.png,False
95,current_2_95.png,RIGHT,0,next_2_95.png,False
96,current_2_96.png,LEFT,0,next_2_96.png,False
97,current_2_97.png,RIGHT,0,next_2_97.png,False
98,current_2_98.png,RIGHT,0,next_2_98.png,False
99,current_2_99.png,LEFT,0,next_2_99.png,False
100,current_2_100.png,SPACE,1,next_2_100.png,False
101,current_2_101.png,LEFT,0,next_2_101.png,False
102,current_2_102.png,RIGHT,0,next_2_102.png,False
103,current_2_103.png,RIGHT,0,next_2_103.png,False
104,current_2_104.png,RIGHT,0,next_2_104.png,False
105,current_2_105.png,RIGHT,0,next_2_105.png,False
106,current_2_106.png,SPACE,1,next_2_106.png,False
107,current_2_107.png,RIGHT,0,next_2_107.png,False
108,current_2_108.png,SPACE,0,next_2_108.png,False
109,current_2_109.png,RIGHT,0,next_2_109.png,False
110,current_2_110.png,RIGHT,0,next_2_110.png,False
111,current_2_111.png,RIGHT,0,next_2_111.png,False
112,current_2_112.png,RIGHT,0,next_2_112.png,False
113,current_2_113.png,RIGHT,0,next_2_113.png,False
114,current_2_114.png,RIGHT,0,next_2_114.png,False
115,current_2_115.png,LEFT,0,next_2_115.png,False
116,current_2_116.png,RIGHT,0,next_2_116.png,False
117,current_2_117.png,RIGHT,0,next_2_117.png,False
118,current_2_118.png,SPACE,1,next_2_118.png,False
119,current_2_119.png,SPACE,1,next_2_119.png,False
120,current_2_120.png,RIGHT,0,next_2_120.png,False
121,current_2_121.png,SPACE,0,next_2_121.png,False
122,current_2_122.png,LEFT,0,next_2_122.png,False
123,current_2_123.png,SPACE,0,next_2_123.png,False
124,current_2_124.png,SPACE,-1,next_2_124.png,False
125,current_2_125.png,LEFT,0,next_2_125.png,False
126,current_2_126.png,SPACE,0,next_2_126.png,False
127,current_2_127.png,SPACE,0,next_2_127.png,False
128,current_2_128.png,SPACE,0,next_2_128.png,False
129,current_2_129.png,SPACE,0,next_2_129.png,False
130,current_2_130.png,RIGHT,0,next_2_130.png,False
131,current_2_131.png,SPACE,-1,next_2_131.png,False
132,current_2_132.png,SPACE,-1,next_2_132.png,False
133,current_2_133.png,SPACE,-1,next_2_133.png,False
134,current_2_134.png,SPACE,-1,next_2_134.png,False
135,current_2_135.png,SPACE,-1,next_2_135.png,False
136,current_2_136.png,SPACE,-1,next_2_136.png,False
137,current_2_137.png,SPACE,-1,next_2_137.png,False
138,current_2_138.png,SPACE,-1,next_2_138.png,False
139,current_2_139.png,SPACE,-1,next_2_139.png,False
140,current_2_140.png,SPACE,-1,next_2_140.png,False
141,current_2_141.png,SPACE,-1,next_2_141.png,False
142,current_2_142.png,SPACE,-1,next_2_142.png,False
143,current_2_143.png,LEFT,0,next_2_143.png,False
144,current_2_144.png,SPACE,-1,next_2_144.png,False
145,current_2_145.png,SPACE,-1,next_2_145.png,False
146,current_2_146.png,SPACE,-1,next_2_146.png,False
147,current_2_147.png,LEFT,0,next_2_147.png,False
148,current_2_148.png,LEFT,0,next_2_148.png,False
149,current_2_149.png,SPACE,0,next_2_149.png,False
150,current_2_150.png,SPACE,-1,next_2_150.png,False
151,current_2_151.png,SPACE,-1,next_2_151.png,False
152,current_2_152.png,SPACE,-1,next_2_152.png,False
153,current_2_153.png,RIGHT,0,next_2_153.png,False
154,current_2_154.png,SPACE,0,next_2_154.png,False
155,current_2_155.png,SPACE,0,next_2_155.png,False
156,current_2_156.png,SPACE,-1,next_2_156.png,False
157,current_2_157.png,RIGHT,0,next_2_157.png,False
158,current_2_158.png,SPACE,0,next_2_158.png,False
159,current_2_159.png,SPACE,0,next_2_159.png,False
160,current_2_160.png,SPACE,0,next_2_160.png,False
161,current_2_161.png,SPACE,0,next_2_161.png,False
162,current_2_162.png,SPACE,-1,next_2_162.png,False
163,current_2_163.png,SPACE,-1,next_2_163.png,False
164,current_2_164.png,RIGHT,0,next_2_164.png,False
165,current_2_165.png,LEFT,0,next_2_165.png,False
166,current_2_166.png,SPACE,0,next_2_166.png,False
167,current_2_167.png,SPACE,0,next_2_167.png,False
168,current_2_168.png,SPACE,-1,next_2_168.png,False
169,current_2_169.png,SPACE,-1,next_2_169.png,False
170,current_2_170.png,SPACE,-1,next_2_170.png,False
171,current_2_171.png,SPACE,-1,next_2_171.png,False
172,current_2_172.png,LEFT,0,next_2_172.png,False
173,current_2_173.png,SPACE,0,next_2_173.png,False
174,current_2_174.png,SPACE,-1,next_2_174.png,False
175,current_2_175.png,SPACE,-1,next_2_175.png,False
176,current_2_176.png,SPACE,-1,next_2_176.png,False
177,current_2_177.png,SPACE,-1,next_2_177.png,False
178,current_2_178.png,SPACE,-1,next_2_178.png,False
179,current_2_179.png,SPACE,-1,next_2_179.png,False
180,current_2_180.png,SPACE,-1,next_2_180.png,False
181,current_2_181.png,SPACE,-1,next_2_181.png,False
182,current_2_182.png,SPACE,-1,next_2_182.png,False
183,current_2_183.png,RIGHT,0,next_2_183.png,False
184,current_2_184.png,SPACE,0,next_2_184.png,False
185,current_2_185.png,SPACE,0,next_2_185.png,False
186,current_2_186.png,SPACE,-1,next_2_186.png,False
187,current_2_187.png,SPACE,-1,next_2_187.png,False
188,current_2_188.png,SPACE,-1,next_2_188.png,False
189,current_2_189.png,SPACE,-1,next_2_189.png,False
190,current_2_190.png,RIGHT,0,next_2_190.png,False
191,current_2_191.png,SPACE,0,next_2_191.png,False
192,current_2_192.png,RIGHT,0,next_2_192.png,False
193,current_2_193.png,RIGHT,0,next_2_193.png,False
194,current_2_194.png,SPACE,1,next_2_194.png,False
195,current_2_195.png,SPACE,1,next_2_195.png,False
196,current_2_196.png,SPACE,1,next_2_196.png,False
197,current_2_197.png,SPACE,1,next_2_197.png,False
198,current_2_198.png,LEFT,0,next_2_198.png,False
199,current_2_199.png,LEFT,0,next_2_199.png,False
200,current_2_200.png,SPACE,-1,next_2_200.png,False
201,current_2_201.png,LEFT,0,next_2_201.png,False
202,current_2_202.png,SPACE,0,next_2_202.png,False
203,current_2_203.png,SPACE,0,next_2_203.png,False
204,current_2_204.png,SPACE,0,next_2_204.png,False
205,current_2_205.png,SPACE,0,next_2_205.png,False
206,current_2_206.png,SPACE,-1,next_2_206.png,False
207,current_2_207.png,SPACE,-1,next_2_207.png,False
208,current_2_208.png,SPACE,-1,next_2_208.png,False
209,current_2_209.png,SPACE,-1,next_2_209.png,False
210,current_2_210.png,SPACE,-1,next_2_210.png,False
211,current_2_211.png,RIGHT,0,next_2_211.png,False
212,current_2_212.png,SPACE,-1,next_2_212.png,False
213,current_2_213.png,SPACE,-1,next_2_213.png,False
214,current_2_214.png,RIGHT,0,next_2_214.png,False
215,current_2_215.png,SPACE,0,next_2_215.png,False
216,current_2_216.png,SPACE,0,next_2_216.png,False
217,current_2_217.png,SPACE,0,next_2_217.png,False
218,current_2_218.png,SPACE,-1,next_2_218.png,False
219,current_2_219.png,SPACE,-1,next_2_219.png,False
220,current_2_220.png,RIGHT,0,next_2_220.png,False
221,current_2_221.png,RIGHT,0,next_2_221.png,False
222,current_2_222.png,RIGHT,0,next_2_222.png,False
223,current_2_223.png,RIGHT,0,next_2_223.png,False
224,current_2_224.png,RIGHT,0,next_2_224.png,False
225,current_2_225.png,RIGHT,0,next_2_225.png,False
226,current_2_226.png,RIGHT,0,next_2_226.png,False
227,current_2_227.png,RIGHT,0,next_2_227.png,False
228,current_2_228.png,RIGHT,0,next_2_228.png,False
229,current_2_229.png,RIGHT,0,next_2_229.png,False
230,current_2_230.png,RIGHT,0,next_2_230.png,False
231,current_2_231.png,RIGHT,0,next_2_231.png,False
232,current_2_232.png,RIGHT,0,next_2_232.png,False
233,current_2_233.png,RIGHT,0,next_2_233.png,False
234,current_2_234.png,RIGHT,0,next_2_234.png,False
235,current_2_235.png,RIGHT,0,next_2_235.png,False
236,current_2_236.png,RIGHT,0,next_2_236.png,False
237,current_2_237.png,RIGHT,0,next_2_237.png,False
238,current_2_238.png,RIGHT,0,next_2_238.png,False
239,current_2_239.png,RIGHT,0,next_2_239.png,False
240,current_2_240.png,SPACE,-1,next_2_240.png,False
241,current_2_241.png,RIGHT,0,next_2_241.png,False
242,current_2_242.png,RIGHT,0,next_2_242.png,False
243,current_2_243.png,RIGHT,0,next_2_243.png,False
244,current_2_244.png,RIGHT,0,next_2_244.png,False
245,current_2_245.png,RIGHT,0,next_2_245.png,False
246,current_2_246.png,RIGHT,0,next_2_246.png,False
247,current_2_247.png,RIGHT,0,next_2_247.png,False
248,current_2_248.png,RIGHT,0,next_2_248.png,False
249,current_2_249.png,LEFT,0,next_2_249.png,False
250,current_2_250.png,SPACE,-1,next_2_250.png,False
251,current_2_251.png,RIGHT,0,next_2_251.png,False
252,current_2_252.png,RIGHT,0,next_2_252.png,False
253,current_2_253.png,RIGHT,0,next_2_253.png,False
254,current_2_254.png,LEFT,0,next_2_254.png,False
255,current_2_255.png,SPACE,0,next_2_255.png,False
256,current_2_256.png,RIGHT,0,next_2_256.png,False
257,current_2_257.png,RIGHT,0,next_2_257.png,False
258,current_2_258.png,RIGHT,0,next_2_258.png,False
259,current_2_259.png,RIGHT,0,next_2_259.png,False
260,current_2_260.png,RIGHT,0,next_2_260.png,False
261,current_2_261.png,SPACE,-1,next_2_261.png,False
262,current_2_262.png,RIGHT,0,next_2_262.png,False
263,current_2_263.png,RIGHT,0,next_2_263.png,False
264,current_2_264.png,RIGHT,0,next_2_264.png,False
265,current_2_265.png,RIGHT,0,next_2_265.png,False
266,current_2_266.png,RIGHT,0,next_2_266.png,False
267,current_2_267.png,RIGHT,0,next_2_267.png,False
268,current_2_268.png,RIGHT,0,next_2_268.png,False
269,current_2_269.png,SPACE,-1,next_2_269.png,False
270,current_2_270.png,RIGHT,0,next_2_270.png,False
271,current_2_271.png,LEFT,0,next_2_271.png,False
272,current_2_272.png,RIGHT,0,next_2_272.png,False
273,current_2_273.png,LEFT,0,next_2_273.png,False
274,current_2_274.png,RIGHT,0,next_2_274.png,False
275,current_2_275.png,SPACE,-1,next_2_275.png,False
276,current_2_276.png,RIGHT,0,next_2_276.png,False
277,current_2_277.png,RIGHT,0,next_2_277.png,False
278,current_2_278.png,RIGHT,0,next_2_278.png,False
279,current_2_279.png,RIGHT,0,next_2_279.png,False
280,current_2_280.png,RIGHT,0,next_2_280.png,False
281,current_2_281.png,RIGHT,0,next_2_281.png,False
282,current_2_282.png,RIGHT,0,next_2_282.png,False
283,current_2_283.png,RIGHT,0,next_2_283.png,False
284,current_2_284.png,RIGHT,0,next_2_284.png,False
285,current_2_285.png,SPACE,-1,next_2_285.png,False
286,current_2_286.png,RIGHT,0,next_2_286.png,False
287,current_2_287.png,LEFT,0,next_2_287.png,False
288,current_2_288.png,RIGHT,0,next_2_288.png,False
289,current_2_289.png,RIGHT,0,next_2_289.png,False
290,current_2_290.png,RIGHT,0,next_2_290.png,False
291,current_2_291.png,RIGHT,0,next_2_291.png,False
292,current_2_292.png,LEFT,0,next_2_292.png,False
293,current_2_293.png,RIGHT,0,next_2_293.png,False
294,current_2_294.png,LEFT,0,next_2_294.png,False
295,current_2_295.png,RIGHT,0,next_2_295.png,False
296,current_2_296.png,SPACE,-1,next_2_296.png,False
297,current_2_297.png,SPACE,-1,next_2_297.png,False
298,current_2_298.png,RIGHT,0,next_2_298.png,False
299,current_2_299.png,RIGHT,0,next_2_299.png,False
300,current_2_300.png,SPACE,0,next_2_300.png,False
301,current_2_301.png,RIGHT,0,next_2_301.png,False
302,current_2_302.png,LEFT,0,next_2_302.png,False
303,current_2_303.png,RIGHT,0,next_2_303.png,False
304,current_2_304.png,SPACE,-1,next_2_304.png,False
305,current_2_305.png,RIGHT,0,next_2_305.png,False
306,current_2_306.png,RIGHT,0,next_2_306.png,False
307,current_2_307.png,RIGHT,0,next_2_307.png,False
308,current_2_308.png,RIGHT,0,next_2_308.png,False
309,current_2_309.png,RIGHT,0,next_2_309.png,False
310,current_2_310.png,SPACE,-1,next_2_310.png,False
311,current_2_311.png,SPACE,-1,next_2_311.png,False
312,current_2_312.png,RIGHT,0,next_2_312.png,False
313,current_2_313.png,SPACE,0,next_2_313.png,False
314,current_2_314.png,RIGHT,0,next_2_314.png,False
315,current_2_315.png,RIGHT,0,next_2_315.png,False
316,current_2_316.png,RIGHT,0,next_2_316.png,False
317,current_2_317.png,RIGHT,0,next_2_317.png,False
318,current_2_318.png,RIGHT,0,next_2_318.png,False
319,current_2_319.png,RIGHT,0,next_2_319.png,False
320,current_2_320.png,LEFT,0,next_2_320.png,False
321,current_2_321.png,RIGHT,0,next_2_321.png,False
322,current_2_322.png,RIGHT,0,next_2_322.png,False
323,current_2_323.png,RIGHT,0,next_2_323.png,False
324,current_2_324.png,RIGHT,0,next_2_324.png,False
325,current_2_325.png,RIGHT,0,next_2_325.png,False
326,current_2_326.png,SPACE,-1,next_2_326.png,False
327,current_2_327.png,RIGHT,0,next_2_327.png,False
328,current_2_328.png,RIGHT,0,next_2_328.png,False
329,current_2_329.png,RIGHT,0,next_2_329.png,False
330,current_2_330.png,RIGHT,0,next_2_330.png,False
331,current_2_331.png,RIGHT,0,next_2_331.png,False
332,current_2_332.png,RIGHT,0,next_2_332.png,False
333,current_2_333.png,RIGHT,0,next_2_333.png,False
334,current_2_334.png,SPACE,-1,next_2_334.png,False
335,current_2_335.png,SPACE,-1,next_2_335.png,False
336,current_2_336.png,RIGHT,0,next_2_336.png,False
337,current_2_337.png,RIGHT,0,next_2_337.png,False
338,current_2_338.png,RIGHT,0,next_2_338.png,False
339,current_2_339.png,RIGHT,0,next_2_339.png,False
340,current_2_340.png,RIGHT,0,next_2_340.png,False
341,current_2_341.png,RIGHT,0,next_2_341.png,False
342,current_2_342.png,RIGHT,0,next_2_342.png,False
343,current_2_343.png,RIGHT,0,next_2_343.png,False
344,current_2_344.png,SPACE,-1,next_2_344.png,False
345,current_2_345.png,SPACE,-1,next_2_345.png,False
346,current_2_346.png,RIGHT,0,next_2_346.png,False
347,current_2_347.png,RIGHT,0,next_2_347.png,False
348,current_2_348.png,RIGHT,0,next_2_348.png,False
349,current_2_349.png,RIGHT,-2,next_2_349.png,True
